Create Account,Sun Apr 25 15:04:17 EEST 2021
Create Account,Sun Apr 25 15:04:17 EEST 2021
Create Account,Sun Apr 25 15:04:17 EEST 2021
Create Account,Sun Apr 25 15:04:17 EEST 2021
Create Account,Sun Apr 25 15:04:17 EEST 2021
Create Account,Sun Apr 25 15:04:17 EEST 2021
Add Client to Bank,Sun Apr 25 15:12:04 EEST 2021
Add Client to Bank,Sun Apr 25 15:12:04 EEST 2021
Add Client to Bank,Sun Apr 25 15:12:04 EEST 2021
Add Client to Bank,Sun Apr 25 15:12:04 EEST 2021
Add Client to Bank,Sun Apr 25 15:12:04 EEST 2021
Add Client to Bank,Sun Apr 25 15:12:04 EEST 2021
Add Client to Bank,Sun Apr 25 15:12:04 EEST 2021
Add Client to Bank,Sun Apr 25 15:12:04 EEST 2021
Add Currency to Bank,Sun Apr 25 15:12:04 EEST 2021
Add Currency to Bank,Sun Apr 25 15:12:04 EEST 2021
Add Currency to Bank,Sun Apr 25 15:12:04 EEST 2021
Add Currency to Bank,Sun Apr 25 15:12:04 EEST 2021
Create Account,Sun Apr 25 15:12:04 EEST 2021
Create Account,Sun Apr 25 15:12:04 EEST 2021
Create Account,Sun Apr 25 15:12:04 EEST 2021
Create Account,Sun Apr 25 15:12:04 EEST 2021
Create Account,Sun Apr 25 15:12:04 EEST 2021
Create Account,Sun Apr 25 15:12:04 EEST 2021
Create Card,Sun Apr 25 15:12:04 EEST 2021
Create Card,Sun Apr 25 15:12:04 EEST 2021
Add Client to Bank,Sun Apr 25 15:12:29 EEST 2021
Add Client to Bank,Sun Apr 25 15:12:29 EEST 2021
Add Client to Bank,Sun Apr 25 15:12:29 EEST 2021
Add Client to Bank,Sun Apr 25 15:12:29 EEST 2021
Add Client to Bank,Sun Apr 25 15:12:29 EEST 2021
Add Client to Bank,Sun Apr 25 15:12:29 EEST 2021
Add Client to Bank,Sun Apr 25 15:12:29 EEST 2021
Add Client to Bank,Sun Apr 25 15:12:29 EEST 2021
Add Currency to Bank,Sun Apr 25 15:12:29 EEST 2021
Add Currency to Bank,Sun Apr 25 15:12:29 EEST 2021
Add Currency to Bank,Sun Apr 25 15:12:29 EEST 2021
Add Currency to Bank,Sun Apr 25 15:12:29 EEST 2021
Create Account,Sun Apr 25 15:12:29 EEST 2021
Create Account,Sun Apr 25 15:12:29 EEST 2021
Create Account,Sun Apr 25 15:12:29 EEST 2021
Create Account,Sun Apr 25 15:12:29 EEST 2021
Create Account,Sun Apr 25 15:12:29 EEST 2021
Create Account,Sun Apr 25 15:12:29 EEST 2021
Create Card,Sun Apr 25 15:12:29 EEST 2021
Create Card,Sun Apr 25 15:12:29 EEST 2021
View Bank Clients and Currencies,Sun Apr 25 15:12:29 EEST 2021
Close Account,Sun Apr 25 15:12:32 EEST 2021
Freeze Card,Sun Apr 25 15:12:34 EEST 2021
Unfreeze Card,Sun Apr 25 15:12:34 EEST 2021
Create Vault,Sun Apr 25 15:12:34 EEST 2021
Add Member to Vault,Sun Apr 25 15:12:34 EEST 2021
Make Transfer,Sun Apr 25 15:12:34 EEST 2021
Make Vault Deposit,Sun Apr 25 15:12:34 EEST 2021
Make Buying Transaction,Sun Apr 25 15:12:34 EEST 2021
Extract Statement,Sun Apr 25 15:12:34 EEST 2021
Add Client to Bank,Sun Apr 25 15:17:36 EEST 2021
Add Client to Bank,Sun Apr 25 15:17:36 EEST 2021
Add Client to Bank,Sun Apr 25 15:17:36 EEST 2021
Add Client to Bank,Sun Apr 25 15:17:36 EEST 2021
Add Client to Bank,Sun Apr 25 15:17:36 EEST 2021
Add Client to Bank,Sun Apr 25 15:17:36 EEST 2021
Add Client to Bank,Sun Apr 25 15:17:36 EEST 2021
Add Client to Bank,Sun Apr 25 15:17:36 EEST 2021
Add Currency to Bank,Sun Apr 25 15:17:36 EEST 2021
Add Currency to Bank,Sun Apr 25 15:17:36 EEST 2021
Add Currency to Bank,Sun Apr 25 15:17:36 EEST 2021
Add Currency to Bank,Sun Apr 25 15:17:36 EEST 2021
Create Account,Sun Apr 25 15:17:36 EEST 2021
Create Account,Sun Apr 25 15:17:36 EEST 2021
Create Account,Sun Apr 25 15:17:36 EEST 2021
Create Account,Sun Apr 25 15:17:36 EEST 2021
Create Account,Sun Apr 25 15:17:36 EEST 2021
Create Account,Sun Apr 25 15:17:36 EEST 2021
Create Card,Sun Apr 25 15:17:36 EEST 2021
Create Card,Sun Apr 25 15:17:36 EEST 2021
View Bank Clients and Currencies,Sun Apr 25 15:17:36 EEST 2021
Close Account,Sun Apr 25 15:17:38 EEST 2021
Freeze Card,Sun Apr 25 15:17:40 EEST 2021
Unfreeze Card,Sun Apr 25 15:17:40 EEST 2021
Create Vault,Sun Apr 25 15:17:40 EEST 2021
Add Member to Vault,Sun Apr 25 15:17:40 EEST 2021
Make Transfer,Sun Apr 25 15:17:40 EEST 2021
Make Vault Deposit,Sun Apr 25 15:17:40 EEST 2021
Make Buying Transaction,Sun Apr 25 15:17:40 EEST 2021
Extract Statement,Sun Apr 25 15:17:40 EEST 2021
